City_ID,City,Country,Date,Lat,Lng,Max Temp,Humidity,Cloudiness,Wind Speed
0,Saskylakh,RU,2022-10-27 22:49:18,71.9167,114.0833,-1.12,99,85,4.68
1,Belaya Gora,RU,2022-10-27 22:49:18,68.5333,146.4167,10.78,87,100,6.49
2,San Rafael Del Sur,NI,2022-10-27 22:49:19,11.8485,-86.4384,88.77,79,83,2.21
3,Bredasdorp,ZA,2022-10-27 22:45:30,-34.5322,20.0403,59.14,83,25,2.13
4,Grants Pass,US,2022-10-27 22:49:20,42.439,-123.3284,63.46,51,0,9.22
5,Hobart,AU,2022-10-27 22:47:42,-42.8794,147.3294,58.26,97,100,8.05
6,Ler,SS,2022-10-27 22:49:21,8.3018,30.1418,74.17,67,15,2.98
7,Albany,US,2022-10-27 22:45:16,42.6001,-73.9662,52.34,59,0,7.25
8,Olafsvik,IS,2022-10-27 22:49:22,64.8945,-23.7142,39.63,80,95,8.97
9,Victoria,HK,2022-10-27 22:47:18,22.2855,114.1577,75.38,78,14,5.99
10,Upernavik,GL,2022-10-27 22:49:23,72.7868,-56.1549,27.12,95,100,12.44
11,East London,ZA,2022-10-27 22:48:18,-33.0153,27.9116,66.97,76,100,15.5
12,Asau,RO,2022-10-27 22:49:23,46.4333,26.4,43.72,84,0,3.65
13,Port Alfred,ZA,2022-10-27 22:49:02,-33.5906,26.891,63.18,93,66,3.0
14,Arraial Do Cabo,BR,2022-10-27 22:47:51,-22.9661,-42.0278,76.86,83,0,16.11
15,Kodinsk,RU,2022-10-27 22:49:24,58.6881,99.1844,30.02,71,100,3.09
16,Kirakira,SB,2022-10-27 22:49:24,-10.4544,161.9205,84.06,58,12,2.1
17,Ushuaia,AR,2022-10-27 22:44:10,-54.8,-68.3,44.26,65,75,5.75
18,Tautira,PF,2022-10-27 22:49:25,-17.7333,-149.15,77.56,66,77,4.68
19,Tabuk,PH,2022-10-27 22:49:26,17.4189,121.4443,74.88,92,100,7.72
20,Bambous Virieux,MU,2022-10-27 22:49:26,-20.3428,57.7575,73.65,83,40,11.5
21,Saint-Joseph,RE,2022-10-27 22:49:27,-21.3667,55.6167,68.38,74,23,8.23
22,New Norfolk,AU,2022-10-27 22:49:28,-42.7826,147.0587,56.91,90,100,4.0
23,Saint George,US,2022-10-27 22:45:22,37.1041,-113.5841,63.95,19,0,3.44
24,Hilo,US,2022-10-27 22:44:41,19.7297,-155.09,82.13,71,0,5.75
25,Ambulu,ID,2022-10-27 22:49:28,-8.345,113.6058,75.13,81,97,3.15
26,Mataura,NZ,2022-10-27 22:49:29,-46.1927,168.8643,60.55,76,100,5.66
27,Rikitea,PF,2022-10-27 22:47:44,-23.1203,-134.9692,73.74,77,41,13.91
28,Kotka,FI,2022-10-27 22:49:30,60.4664,26.9458,49.26,94,99,11.59
29,Abhar,IR,2022-10-27 22:49:30,36.1468,49.218,54.73,55,65,3.0
30,Qaanaaq,GL,2022-10-27 22:49:31,77.484,-69.3632,-4.36,67,0,8.61
31,Hithadhoo,MV,2022-10-27 22:49:08,-0.6,73.0833,81.54,77,80,15.23
32,Ulaanbaatar,MN,2022-10-27 22:47:53,47.9077,106.8832,12.33,85,0,2.24
33,Nuuk,GL,2022-10-27 22:49:31,64.1835,-51.7216,50.61,76,100,27.63
34,Bengkulu,ID,2022-10-27 22:49:32,-3.8004,102.2655,73.89,91,93,3.58
35,Lebu,CL,2022-10-27 22:49:33,-37.6167,-73.65,54.95,86,83,7.38
36,Tasiilaq,GL,2022-10-27 22:49:33,65.6145,-37.6368,30.36,72,42,10.47
37,Zwedru,LR,2022-10-27 22:49:34,6.0667,-8.1281,72.34,98,94,2.06
38,Chunskiy,RU,2022-10-27 22:49:34,56.0815,99.6342,30.43,59,85,3.53
39,Tres Palos,MX,2022-10-27 22:49:35,18.1833,-101.6167,82.83,75,37,4.05
40,Verkhniy Tagil,RU,2022-10-27 22:49:35,57.3733,59.9556,28.76,70,100,14.88
41,Carballo,ES,2022-10-27 22:49:36,43.213,-8.691,67.77,86,100,14.74
42,Thompson,CA,2022-10-27 22:48:04,55.7435,-97.8558,35.76,93,100,4.61
43,Bagdarin,RU,2022-10-27 22:49:36,54.4333,113.6,18.23,72,15,1.45
44,Yellowknife,CA,2022-10-27 22:45:29,62.456,-114.3525,32.52,100,100,12.66
45,Dikson,RU,2022-10-27 22:48:54,73.5069,80.5464,25.47,94,100,17.11
46,Bluff,NZ,2022-10-27 22:50:37,-46.6,168.3333,54.1,90,100,6.26
47,Chuy,UY,2022-10-27 22:50:38,-33.6971,-53.4616,58.51,76,2,1.9
48,Vaini,TO,2022-10-27 22:47:35,-21.2,-175.2,78.96,83,40,11.5
49,Hermanus,ZA,2022-10-27 22:50:39,-34.4187,19.2345,60.8,86,4,9.48
50,Punta Arenas,CL,2022-10-27 22:47:34,-53.15,-70.9167,44.62,75,100,8.05
51,Yangambi,CD,2022-10-27 22:50:40,0.8102,24.4336,70.72,99,100,0.22
52,Georgetown,MY,2022-10-27 22:49:07,5.4112,100.3354,77.23,91,40,3.44
53,Khani,GE,2022-10-27 22:50:40,41.9563,42.9566,44.17,93,92,2.13
54,Butaritari,KI,2022-10-27 22:47:42,3.0707,172.7902,81.82,73,88,18.14
55,Esperance,AU,2022-10-27 22:43:45,-33.8667,121.9,56.05,62,4,6.38
56,Kumluca,TR,2022-10-27 22:50:41,36.3703,30.2869,71.19,43,2,7.05
57,Cape Town,ZA,2022-10-27 22:50:41,-33.9258,18.4232,64.81,70,0,21.85
58,Provideniya,RU,2022-10-27 22:50:42,64.3833,-173.3,21.36,63,0,4.47
59,Souillac,MU,2022-10-27 22:50:42,-20.5167,57.5167,73.78,83,40,11.5
60,Nikolskoye,RU,2022-10-27 22:50:43,59.7035,30.7861,48.09,95,100,7.9
61,Busselton,AU,2022-10-27 22:47:34,-33.65,115.3333,52.95,71,21,13.58
62,Palmer,US,2022-10-27 22:50:43,42.1584,-72.3287,58.37,49,0,5.75
63,Cayenne,GF,2022-10-27 22:50:44,4.9333,-52.3333,80.64,78,0,5.75
64,Labuan,MY,2022-10-27 22:50:45,5.2767,115.2417,77.36,94,20,0.0
65,Ballina,AU,2022-10-27 22:46:30,-28.8667,153.5667,79.79,58,0,6.22
66,Henties Bay,NA,2022-10-27 22:50:46,-22.116,14.2845,57.74,94,3,6.35
67,Campobello Di Mazara,IT,2022-10-27 22:50:46,37.6358,12.7443,63.27,42,99,4.29
68,Mandalgovi,MN,2022-10-27 22:50:47,45.7625,106.2708,29.7,41,99,4.88
69,Westport,US,2022-10-27 22:48:11,41.1415,-73.3579,60.84,52,0,9.22
70,Boden,SE,2022-10-27 22:50:47,65.8252,21.6886,42.8,99,100,1.19
71,Borogontsy,RU,2022-10-27 22:50:48,62.6683,131.1683,15.46,99,99,3.13
72,Aklavik,CA,2022-10-27 22:49:00,68.2191,-135.0107,8.6,85,75,10.36
73,Samfya,ZM,2022-10-27 22:50:48,-11.3649,29.5565,74.53,28,9,6.6
74,Ancud,CL,2022-10-27 22:50:49,-41.8697,-73.8203,51.66,97,100,24.85
75,Tanete,ID,2022-10-27 22:50:49,-3.9443,119.7848,77.13,90,95,4.45
76,Tuktoyaktuk,CA,2022-10-27 22:50:51,69.4541,-133.0374,15.8,79,40,12.66
77,Beloha,MG,2022-10-27 22:50:52,-25.1667,45.05,68.0,96,62,4.52
78,Vangaindrano,MG,2022-10-27 22:50:52,-23.35,47.6,71.87,90,100,6.31
79,Vulcana Bai,RO,2022-10-27 22:50:53,45.0833,25.3833,49.17,99,0,4.14
80,Aksarka,RU,2022-10-27 22:50:53,66.5606,67.7975,26.28,94,100,9.17
81,Jamestown,US,2022-10-27 22:46:26,42.097,-79.2353,45.99,55,0,6.91
82,Bronnoysund,NO,2022-10-27 22:50:54,65.4625,12.1997,50.0,87,100,23.02
83,Avarua,CK,2022-10-27 22:47:48,-21.2078,-159.775,75.25,73,75,13.8
84,Morwa,IN,2022-10-27 22:50:55,22.9,73.8333,71.29,43,0,2.3
85,Rockhampton,AU,2022-10-27 22:50:05,-23.3833,150.5,80.49,74,20,2.3
86,Vostok,RU,2022-10-27 22:50:56,46.4856,135.8833,31.66,97,100,2.75
87,Bethel,US,2022-10-27 22:47:42,41.3712,-73.414,58.5,53,0,8.05
88,Saint-Augustin,CA,2022-10-27 22:50:56,51.226,-58.6502,57.47,91,100,13.22
89,Kununurra,AU,2022-10-27 22:50:25,-15.7667,128.7333,84.18,84,75,4.61
90,Norman Wells,CA,2022-10-27 22:48:59,65.282,-126.8329,23.04,93,100,9.22
91,Torbay,CA,2022-10-27 22:47:39,47.6666,-52.7314,63.75,97,100,11.5
92,Lavrentiya,RU,2022-10-27 22:51:57,65.5833,-171.0,23.59,68,89,7.45
93,Mahebourg,MU,2022-10-27 22:51:58,-20.4081,57.7,73.69,83,40,11.5
94,Montepuez,MZ,2022-10-27 22:51:58,-13.1256,38.9997,68.04,77,0,5.5
95,Taltal,CL,2022-10-27 22:51:59,-25.4,-70.4833,60.39,73,23,4.36
96,Khatanga,RU,2022-10-27 22:49:10,71.9667,102.5,4.23,98,99,4.34
97,Yulara,AU,2022-10-27 22:51:59,-25.2406,130.9889,69.64,32,75,17.27
98,Batemans Bay,AU,2022-10-27 22:52:00,-35.7167,150.1833,64.09,38,1,12.03
99,Broken Hill,AU,2022-10-27 22:52:00,-31.95,141.4333,60.01,52,7,14.7
100,Bilma,NE,2022-10-27 22:52:01,18.6853,12.9164,73.9,21,0,5.44
101,Luganville,VU,2022-10-27 22:52:02,-15.5333,167.1667,84.06,70,3,6.04
102,Nortelandia,BR,2022-10-27 22:52:03,-14.4547,-56.8028,81.46,67,44,3.74
103,Paamiut,GL,2022-10-27 22:52:03,61.994,-49.6678,37.72,87,99,10.29
104,Atuona,PF,2022-10-27 22:52:04,-9.8,-139.0333,77.07,74,34,16.69
105,Necochea,AR,2022-10-27 22:52:04,-38.5473,-58.7368,57.18,55,22,2.55
106,Leningradskiy,RU,2022-10-27 22:52:05,69.3833,178.4167,12.45,94,99,16.02
107,Grahamstown,ZA,2022-10-27 22:52:06,-33.3042,26.5328,56.95,92,73,7.9
108,Noumea,NC,2022-10-27 22:52:06,-22.2763,166.4572,84.18,99,16,4.81
109,Oranjestad,AW,2022-10-27 22:52:07,12.524,-70.027,84.15,83,40,4.61
110,Svetlyy,RU,2022-10-27 22:52:08,54.675,20.1347,53.65,94,100,6.82
111,Te Anau,NZ,2022-10-27 22:50:10,-45.4167,167.7167,53.15,97,100,1.79
112,Castro,BR,2022-10-27 22:47:49,-24.7911,-50.0119,64.96,86,100,3.98
113,Gubkinskiy,RU,2022-10-27 22:52:09,64.434,76.5026,24.12,85,100,22.84
114,Itoman,JP,2022-10-27 22:52:10,26.1247,127.6694,75.22,72,20,11.5
115,Hualmay,PE,2022-10-27 22:52:11,-11.0964,-77.6139,63.97,76,9,12.03
116,Lasa,IT,2022-10-27 22:52:11,46.6166,10.7002,54.48,64,5,1.95
117,Ust-Kut,RU,2022-10-27 22:52:12,56.7938,105.7672,27.93,73,17,3.94
118,Najran,SA,2022-10-27 22:52:15,17.4924,44.1277,61.45,29,2,0.76
119,Vypolzovo,RU,2022-10-27 22:52:16,57.8767,33.6986,46.08,95,100,6.11
120,Muroto,JP,2022-10-27 22:52:16,33.2833,134.15,65.61,67,33,13.69
121,Zhigansk,RU,2022-10-27 22:52:17,66.7697,123.3711,11.12,95,98,3.24
122,Berezovka,BY,2022-10-27 22:52:18,53.7214,25.4993,47.59,95,81,5.59
123,Kapaa,US,2022-10-27 22:52:18,22.0752,-159.319,82.72,72,40,20.71
124,Brazii,RO,2022-10-27 22:52:20,44.7667,26.35,55.9,63,6,2.51
125,Ambon,ID,2022-10-27 22:52:21,-3.6954,128.1814,78.94,89,20,5.75
126,Caravelas,BR,2022-10-27 22:52:22,-17.7125,-39.2481,74.95,82,5,8.37
127,Laguna,US,2022-10-27 22:52:22,38.421,-121.4238,76.1,27,0,4.61
128,Proletariy,RU,2022-10-27 22:52:23,58.4342,31.7046,46.9,96,100,8.12
129,Ekibastuz,KZ,2022-10-27 22:52:24,51.6667,75.3667,24.24,88,78,15.3
130,Vozhega,RU,2022-10-27 22:52:24,60.4725,40.2213,40.89,99,100,3.0
131,Jiuquan,CN,2022-10-27 22:52:25,39.7432,98.5174,42.98,49,100,3.24
132,Severo-Kurilsk,RU,2022-10-27 22:52:25,50.6789,156.125,39.06,61,99,30.62
133,Carnarvon,AU,2022-10-27 22:48:54,-24.8667,113.6333,66.54,62,47,13.18
134,Wanaka,NZ,2022-10-27 22:50:11,-44.7,169.15,59.11,78,100,3.0
135,Segezha,RU,2022-10-27 22:53:26,63.7415,34.3222,34.47,90,99,6.46
136,Podgorica,ME,2022-10-27 22:52:01,42.4411,19.2636,55.18,76,0,1.14
137,Uray,RU,2022-10-27 22:53:27,60.1247,64.7758,30.0,84,100,13.35
138,Cidreira,BR,2022-10-27 22:53:27,-30.1811,-50.2056,67.95,67,0,5.01
139,Sarakhs,IR,2022-10-27 22:53:28,36.5449,61.1577,60.42,37,2,8.12
140,Rovaniemi,FI,2022-10-27 22:53:28,66.5,25.7167,27.81,100,100,8.05
141,Sydney,AU,2022-10-27 22:49:52,-33.8679,151.2073,73.31,42,0,17.27
142,Bambanglipuro,ID,2022-10-27 22:53:29,-7.95,110.2833,74.77,76,95,3.02
143,Ishigaki,JP,2022-10-27 22:53:30,24.3448,124.1572,75.33,88,75,11.5
144,Rio Gallegos,AR,2022-10-27 22:48:33,-51.6226,-69.2181,48.25,87,75,16.11
145,Nome,US,2022-10-27 22:53:30,64.5011,-165.4064,26.17,77,12,5.32
146,Kruisfontein,ZA,2022-10-27 22:53:31,-34.0033,24.7314,61.88,87,14,8.48
147,Katsuura,JP,2022-10-27 22:53:31,35.1333,140.3,61.9,70,4,9.42
148,Pathein,MM,2022-10-27 22:53:32,16.7833,94.7333,74.41,89,63,4.27
149,Areka,ET,2022-10-27 22:53:32,7.0667,37.7,61.32,88,91,3.38
150,Barrow,US,2022-10-27 22:48:59,71.2906,-156.7887,21.22,93,100,12.66
151,Northam,GB,2022-10-27 22:53:33,51.0333,-4.2167,61.39,92,100,18.75
152,Puerto Palomas,MX,2022-10-27 22:53:33,31.7667,-107.6167,67.71,20,0,27.6
153,Sibolga,ID,2022-10-27 22:53:34,1.7427,98.7792,74.66,93,100,1.68
154,Faya,SA,2022-10-27 22:53:34,18.3851,42.4509,57.31,73,11,1.74
155,Jalu,LY,2022-10-27 22:53:35,29.0331,21.5482,69.64,44,0,5.77
156,Manama,BH,2022-10-27 22:53:35,26.2154,50.5832,84.18,70,100,5.75
157,Troitskoye,RU,2022-10-27 22:53:36,52.9821,84.6757,34.36,89,97,17.47
158,Kodar,IN,2022-10-27 22:53:36,16.9833,79.9667,68.07,76,0,5.68
159,Meridian,US,2022-10-27 22:51:15,43.6121,-116.3915,53.53,41,0,3.0
160,Djibo,BF,2022-10-27 22:53:37,14.1022,-1.6306,84.81,17,0,9.6
161,Sola,VU,2022-10-27 22:53:37,-13.8833,167.55,80.64,71,1,3.76
162,Saint-Pierre,RE,2022-10-27 22:53:38,-21.3393,55.4781,72.91,64,20,6.91
163,Jieshi,CN,2022-10-27 22:53:38,22.8134,115.8257,70.81,77,18,6.69
164,Lompoc,US,2022-10-27 22:53:39,34.6391,-120.4579,69.01,52,0,12.66
165,Pevek,RU,2022-10-27 22:53:39,69.7008,170.3133,2.19,94,100,4.81
166,Svetlogorsk,BY,2022-10-27 22:53:39,52.6333,29.7333,45.46,92,88,5.57
167,Canaries,ES,2022-10-27 22:53:40,28.0,-15.5,66.4,83,20,11.5
168,Chokurdakh,RU,2022-10-27 22:53:40,70.6333,147.9167,3.69,94,98,6.58
169,Progreso,MX,2022-10-27 22:53:41,21.2833,-89.6667,85.1,77,8,11.3
170,Mastic Beach,US,2022-10-27 22:49:09,40.7668,-72.8521,61.99,57,0,11.5
171,Alofi,NU,2022-10-27 22:53:41,-19.0595,-169.9187,78.69,78,100,13.8
172,Kaitangata,NZ,2022-10-27 22:47:49,-46.2817,169.8464,55.72,86,100,10.07
173,Isoka,ZM,2022-10-27 22:53:42,-10.1606,32.6335,66.81,39,1,1.66
174,Mecca,SA,2022-10-27 22:53:43,21.4267,39.8261,79.29,62,100,2.95
175,Touros,BR,2022-10-27 22:53:16,-5.1989,-35.4608,78.4,80,63,15.03
176,Petatlan,MX,2022-10-27 22:52:18,17.5167,-101.2667,83.16,76,23,4.0
177,Brodokalmak,RU,2022-10-27 22:53:44,55.5748,62.082,25.7,67,67,9.22
178,Sao Filipe,CV,2022-10-27 22:47:40,14.8961,-24.4956,80.94,72,30,9.22
179,Srednekolymsk,RU,2022-10-27 22:53:44,67.45,153.6833,1.54,93,96,6.53
180,Ola,RU,2022-10-27 22:53:45,59.5833,151.2833,17.62,61,63,4.83
181,Kodiak,US,2022-10-27 22:54:46,57.79,-152.4072,37.24,53,34,28.01
182,Biskamzha,RU,2022-10-27 22:54:46,53.4497,89.5272,33.17,93,98,6.17
183,Iracoubo,GF,2022-10-27 22:54:46,5.4802,-53.2011,80.49,79,94,17.2
184,Grootfontein,NA,2022-10-27 22:54:47,-19.5667,18.1167,74.82,46,68,5.23
185,Inhambane,MZ,2022-10-27 22:54:47,-23.865,35.3833,76.17,92,99,6.49
186,Ipameri,BR,2022-10-27 22:54:48,-17.7219,-48.1597,79.29,41,49,3.56
187,Port Lincoln,AU,2022-10-27 22:52:13,-34.7333,135.8667,57.58,65,29,15.48
188,Meulaboh,ID,2022-10-27 22:54:48,4.1363,96.1285,75.87,90,100,4.09
189,Lata,PT,2022-10-27 22:54:49,40.1629,-8.3327,70.81,89,59,5.08
190,Vallenar,CL,2022-10-27 22:54:49,-28.5708,-70.7581,67.82,42,0,5.48
191,Shadrinsk,RU,2022-10-27 22:54:49,56.0852,63.6335,28.85,65,65,12.97
192,Sobolevo,RU,2022-10-27 22:54:50,54.4299,31.8996,45.41,93,92,4.94
193,Padang,ID,2022-10-27 22:54:50,-0.9492,100.3543,76.03,84,75,2.37
194,Ystad,SE,2022-10-27 22:54:51,55.4297,13.8204,56.14,89,100,12.57
195,Kemijarvi,FI,2022-10-27 22:54:51,66.7131,27.4306,28.17,92,100,4.36
196,Popondetta,PG,2022-10-27 22:54:52,-8.7537,148.2534,88.05,58,100,1.57
197,Estepona,ES,2022-10-27 22:54:52,36.4276,-5.1459,68.58,56,81,4.09
198,Vila Franca Do Campo,PT,2022-10-27 22:54:53,37.7167,-25.4333,63.01,72,82,8.9
199,Tazovskiy,RU,2022-10-27 22:54:53,67.4667,78.7,24.12,94,100,18.32
200,Ilulissat,GL,2022-10-27 22:54:54,69.2167,-51.1,33.35,99,100,8.41
201,Port Elizabeth,ZA,2022-10-27 22:54:54,-33.918,25.5701,64.09,89,75,13.8
202,San Cristobal,VE,2022-10-27 22:43:18,7.7669,-72.225,71.78,99,77,3.42
203,Ixtapa,MX,2022-10-27 22:51:07,20.7,-105.2,84.22,73,6,5.99
204,Abnub,EG,2022-10-27 22:54:55,27.2696,31.1511,71.82,45,0,4.65
205,Conceicao Do Araguaia,BR,2022-10-27 22:54:56,-8.2578,-49.2647,77.67,79,74,4.38
206,Tuyen Quang,VN,2022-10-27 22:54:57,21.8233,105.2181,72.28,89,95,1.83
207,Ostrovnoy,RU,2022-10-27 22:54:58,68.0531,39.5131,25.95,88,81,4.5
208,Bathsheba,BB,2022-10-27 22:47:45,13.2167,-59.5167,83.01,74,20,21.85
209,Namatanai,PG,2022-10-27 22:54:59,-3.6667,152.4333,84.76,68,41,5.41
210,Deputatskiy,RU,2022-10-27 22:54:59,69.3,139.9,8.62,91,99,7.23
211,Pisco,PE,2022-10-27 22:54:55,-13.7,-76.2167,64.45,72,0,18.41
212,Evanston,US,2022-10-27 22:55:00,42.0411,-87.6901,49.96,70,100,1.99
213,Ashta,IN,2022-10-27 22:55:00,23.0167,76.7167,66.83,54,0,2.46
214,Along,IN,2022-10-27 22:52:56,28.1667,94.7667,59.58,92,41,1.52
215,Camana,PE,2022-10-27 22:55:01,-16.6228,-72.7111,63.25,78,21,5.95
216,Ati,TD,2022-10-27 22:55:01,13.2154,18.3353,83.17,17,10,9.06
217,Tilichiki,RU,2022-10-27 22:55:02,60.4667,166.1,12.43,77,5,7.07
218,Pacific Grove,US,2022-10-27 22:55:03,36.6177,-121.9166,71.55,76,2,8.99
219,Hwange,ZW,2022-10-27 22:55:04,-18.3693,26.5019,76.66,51,58,1.59
220,Erice,IT,2022-10-27 22:55:04,38.037,12.5865,61.27,47,95,5.39
221,Khandyga,RU,2022-10-27 22:55:05,62.6667,135.6,23.45,96,100,3.06
222,Podporozhye,RU,2022-10-27 22:55:06,60.9112,34.1706,42.69,96,100,4.38
223,Boueni,YT,2022-10-27 22:55:06,-12.9025,45.0761,76.98,73,93,8.16
224,Cap-Aux-Meules,CA,2022-10-27 22:55:07,47.3821,-61.8597,57.25,82,20,19.57
225,Chazuta,PE,2022-10-27 22:55:07,-6.5742,-76.1367,92.25,71,95,1.32
226,Berezovyy,RU,2022-10-27 22:55:08,51.6667,135.7,29.75,73,5,2.75
227,San Quintin,MX,2022-10-27 22:56:09,30.4833,-115.95,68.13,63,0,12.3
228,Margate,GB,2022-10-27 22:56:09,51.3813,1.3862,62.87,84,92,4.0
229,Havoysund,NO,2022-10-27 22:56:10,70.9963,24.6622,35.83,81,100,15.64
230,Hay River,CA,2022-10-27 22:56:10,60.8156,-115.7999,35.58,93,100,17.27
231,Louisville,US,2022-10-27 22:55:58,38.2542,-85.7594,59.07,51,1,5.01
232,Haines Junction,CA,2022-10-27 22:56:11,60.7522,-137.5108,26.55,54,100,8.05
233,Ust-Tsilma,RU,2022-10-27 22:56:12,65.441,52.1498,26.46,91,63,6.38
234,Surman,LY,2022-10-27 22:56:12,32.7567,12.5716,72.46,61,15,4.94
235,Hasaki,JP,2022-10-27 22:56:13,35.7333,140.8333,54.21,60,27,5.7
236,Rio Cuarto,AR,2022-10-27 22:53:09,-33.1307,-64.3499,83.97,26,20,16.11
237,Shu,KZ,2022-10-27 22:56:13,43.5983,73.7614,41.43,82,86,3.74
238,Mawlaik,MM,2022-10-27 22:56:14,23.6333,94.4167,65.39,94,0,0.98
239,Harstad,NO,2022-10-27 22:56:15,68.799,16.5293,40.39,100,100,15.01
240,Hohhot,CN,2022-10-27 22:55:56,40.8106,111.6522,35.89,93,14,4.47
241,Belmonte,BR,2022-10-27 22:56:15,-15.8631,-38.8828,74.61,86,9,7.43
242,Havre-Saint-Pierre,CA,2022-10-27 22:56:16,50.2334,-63.5986,48.56,81,20,23.02
243,Ponta Do Sol,PT,2022-10-27 22:49:05,32.6667,-17.1,74.01,94,100,6.11
244,Port Keats,AU,2022-10-27 22:56:17,-14.25,129.55,85.77,67,60,12.41
245,Luderitz,NA,2022-10-27 22:56:17,-26.6481,15.1594,59.59,80,1,19.39
246,Kaka,TM,2022-10-27 22:56:18,37.3482,59.6143,57.96,43,11,5.21
247,Ndele,CF,2022-10-27 22:56:18,8.4109,20.6473,72.48,56,28,2.08
248,Klaksvik,FO,2022-10-27 22:56:19,62.2266,-6.589,41.92,93,98,1.88
249,Igarka,RU,2022-10-27 22:56:19,67.4667,86.5833,18.97,92,100,20.78
250,Iqaluit,CA,2022-10-27 22:56:20,63.7506,-68.5145,22.73,73,100,21.0
251,Kahului,US,2022-10-27 22:56:21,20.8947,-156.47,84.97,76,89,7.0
252,Llanes,ES,2022-10-27 22:56:21,43.4198,-4.7549,74.89,64,96,9.66
253,Kaoma,ZM,2022-10-27 22:56:22,-14.7833,24.8,73.78,48,96,4.47
254,Ekhabi,RU,2022-10-27 22:56:22,53.5102,142.9671,32.83,72,25,11.01
255,Faanui,PF,2022-10-27 22:47:52,-16.4833,-151.75,79.52,71,100,5.17
256,Canutama,BR,2022-10-27 22:56:23,-6.5339,-64.3831,76.28,95,100,1.68
257,Bubaque,GW,2022-10-27 22:56:24,11.2833,-15.8333,82.94,78,14,9.6
258,Auki,SB,2022-10-27 22:56:24,-8.7676,160.7034,83.89,70,18,0.58
259,Avera,US,2022-10-27 22:56:26,33.194,-82.5271,68.05,61,0,8.12
260,Capanema,BR,2022-10-27 22:56:26,-1.1958,-47.1808,77.14,76,97,7.27
261,Cherskiy,RU,2022-10-27 22:47:45,68.75,161.3,0.9,97,99,7.14
262,Shingu,JP,2022-10-27 22:56:27,33.7333,135.9833,61.16,62,25,5.17
263,Whyalla,AU,2022-10-27 22:56:27,-33.0333,137.5833,60.8,62,0,14.43
264,Unity,CA,2022-10-27 22:56:28,52.4501,-109.1682,54.25,27,9,15.43
265,Bereda,ES,2022-10-27 22:56:28,43.2686,-7.5406,64.42,95,99,10.49
266,Yamada,JP,2022-10-27 22:56:29,39.4667,141.95,54.27,71,80,3.56
267,Les Cayes,HT,2022-10-27 22:56:29,18.2,-73.75,77.47,72,10,5.32
268,Neya,RU,2022-10-27 22:56:30,58.2972,43.8681,36.3,96,100,7.74
269,Sitka,US,2022-10-27 22:56:30,57.0531,-135.33,44.28,82,100,13.71
270,Nova Olimpia,BR,2022-10-27 22:53:14,-14.7972,-57.2881,81.75,63,31,4.43
271,Dongsheng,CN,2022-10-27 22:56:31,39.8161,109.9776,42.22,72,1,13.78
272,Sao Joao Da Barra,BR,2022-10-27 22:55:49,-21.6403,-41.0511,77.09,87,1,21.36
273,Hobyo,SO,2022-10-27 22:56:32,5.3505,48.5268,79.09,79,58,7.38
274,Hambantota,LK,2022-10-27 22:56:32,6.1241,81.1185,78.17,75,61,2.24
275,Chapleau,CA,2022-10-27 22:57:32,47.8405,-83.4034,39.29,70,75,6.91
276,Kuybysheve,UA,2022-10-27 22:57:33,47.358,36.6491,48.96,86,100,8.63
277,Cabo San Lucas,MX,2022-10-27 22:56:59,22.8909,-109.9124,81.18,69,37,4.81
278,Macusani,PE,2022-10-27 22:57:34,-14.0833,-70.4333,40.42,73,94,4.32
279,Hamilton,US,2022-10-27 22:53:58,39.1834,-84.5333,56.73,55,8,1.99
280,Terney,RU,2022-10-27 22:57:34,45.0503,136.6092,39.13,95,100,7.43
281,Waipawa,NZ,2022-10-27 22:57:35,-41.4122,175.5153,62.42,61,100,10.87
282,Vao,NC,2022-10-27 22:57:36,-22.6667,167.4833,74.43,81,45,8.79
283,Comodoro Rivadavia,AR,2022-10-27 22:57:36,-45.8667,-67.5,66.06,30,51,34.52
284,Linguere,SN,2022-10-27 22:57:37,15.3953,-15.1193,84.42,45,0,4.61
285,Yar-Sale,RU,2022-10-27 22:57:37,66.8333,70.8333,27.03,96,100,10.47
286,Vredendal,ZA,2022-10-27 22:57:37,-31.6683,18.5012,57.18,75,1,3.94
287,Salinas,US,2022-10-27 22:54:05,36.6777,-121.6555,77.99,54,3,7.85
288,Itarema,BR,2022-10-27 22:57:38,-2.9248,-39.9167,78.48,80,96,13.69
289,Uige,AO,2022-10-27 22:57:38,-7.6087,15.0613,67.53,99,87,0.89
290,Goderich,CA,2022-10-27 22:57:39,43.7501,-81.7165,46.9,61,9,5.75
291,Solnechnyy,RU,2022-10-27 22:57:39,50.7214,136.6319,29.44,71,5,1.3
292,Saint-Philippe,RE,2022-10-27 22:57:40,-21.3585,55.7679,69.39,76,12,8.79
293,Oistins,BB,2022-10-27 22:57:40,13.0667,-59.5333,82.49,74,20,21.85
294,Half Moon Bay,US,2022-10-27 22:57:40,37.4636,-122.4286,75.22,49,10,7.2
295,Marawi,PH,2022-10-27 22:57:41,7.9986,124.2928,71.6,96,100,8.28
296,Singaraja,ID,2022-10-27 22:57:42,-8.112,115.0882,77.54,79,77,8.61
297,Slave Lake,CA,2022-10-27 22:57:42,55.2834,-114.769,49.98,50,75,20.71
298,Krasnogorodsk,RU,2022-10-27 22:57:43,56.8357,28.2822,49.8,91,100,7.65
299,Axim,GH,2022-10-27 22:57:43,4.8699,-2.2405,77.72,87,99,4.97
300,Barinas,VE,2022-10-27 22:57:44,8.6226,-70.2075,86.04,74,96,5.75
301,Port Hardy,CA,2022-10-27 22:57:44,50.6996,-127.4199,48.38,87,100,8.05
302,Vinh,VN,2022-10-27 22:57:44,18.6667,105.6667,71.29,90,28,6.98
303,Beringovskiy,RU,2022-10-27 22:57:45,63.05,179.3167,19.58,54,4,8.39
304,Miri,MY,2022-10-27 22:56:35,4.4148,114.0089,77.14,88,40,0.0
305,Santarem,BR,2022-10-27 22:55:09,-2.4431,-54.7083,86.13,79,20,8.05
306,Teguldet,RU,2022-10-27 22:57:46,57.3064,88.1667,31.26,88,95,4.94
307,Juneau,US,2022-10-27 22:55:19,58.3019,-134.4197,43.21,100,100,9.04
308,Gamba,GA,2022-10-27 22:57:46,-2.65,10.0,76.51,92,100,3.06
309,Duluth,US,2022-10-27 22:57:47,46.7833,-92.1066,49.06,84,100,3.44
310,Geghamasar,AM,2022-10-27 22:57:47,40.3109,45.6792,39.79,78,15,3.0
311,Aasiaat,GL,2022-10-27 22:57:48,68.7098,-52.8699,33.58,94,100,6.06
312,San Jeronimo,PE,2022-10-27 22:57:48,-11.9472,-75.2829,60.42,52,24,7.05
313,Vardo,NO,2022-10-27 22:57:49,70.3705,31.1107,35.58,80,75,14.97
314,Tahe,CN,2022-10-27 22:57:49,52.3333,124.7333,24.82,55,82,3.15
315,Gizo,SB,2022-10-27 22:57:49,-8.103,156.8419,83.97,70,14,6.42
316,Predivinsk,RU,2022-10-27 22:57:50,57.0669,93.4378,35.67,85,100,4.29
317,Kavaratti,IN,2022-10-27 22:57:51,10.5669,72.642,80.47,60,8,4.9
318,Olinda,BR,2022-10-27 22:54:44,-8.0089,-34.8553,80.33,69,75,6.91
319,Varhaug,NO,2022-10-27 22:57:52,58.6147,5.6457,57.15,92,100,12.53
320,Ugoofaaru,MV,2022-10-27 22:57:52,5.6667,73.0,80.1,74,41,2.24
321,Coxim,BR,2022-10-27 22:57:53,-18.5067,-54.76,88.39,35,100,0.83
322,Muscat,OM,2022-10-27 22:53:04,23.6139,58.5922,81.77,52,0,9.46
323,Hami,CN,2022-10-27 22:57:53,42.8,93.45,48.38,38,100,3.89
324,Nantucket,US,2022-10-27 22:58:54,41.2835,-70.0995,59.14,77,12,24.29
325,Panama City,PA,2022-10-27 22:58:36,8.9936,-79.5197,80.55,85,40,3.44
326,Lazaro Cardenas,MX,2022-10-27 22:58:54,17.9583,-102.2,82.65,75,12,6.78
327,Yeppoon,AU,2022-10-27 22:58:55,-23.1333,150.7333,80.38,67,12,2.75
328,Chara,RU,2022-10-27 22:58:56,56.9064,118.2631,18.54,64,31,1.28
329,Karasjok,NO,2022-10-27 22:58:56,69.4719,25.5112,26.74,96,100,6.13
330,Sur,OM,2022-10-27 22:58:57,22.5667,59.5289,80.1,51,0,4.07
331,Iskateley,RU,2022-10-27 22:58:58,67.6803,53.1512,24.03,90,97,8.88
332,Santa Fe,AR,2022-10-27 22:58:58,-31.6333,-60.7,77.99,47,0,1.99
333,Saint Anthony,US,2022-10-27 22:58:59,45.0205,-93.218,54.72,54,100,4.0
334,Poum,NC,2022-10-27 22:58:59,-20.2333,164.0167,78.06,75,3,8.81
335,Mulki,IN,2022-10-27 22:58:59,13.1,74.8,74.48,83,75,3.44
336,Namuac,PH,2022-10-27 22:59:00,18.6109,121.1657,78.6,88,99,17.47
337,Rio Pardo De Minas,BR,2022-10-27 22:59:00,-15.6097,-42.5397,73.71,42,1,7.76
338,Nouadhibou,MR,2022-10-27 22:59:01,20.931,-17.0347,69.78,78,44,12.66
339,Jha Jha,IN,2022-10-27 22:59:01,24.7667,86.3667,65.3,56,0,2.59
340,Mar Del Plata,AR,2022-10-27 22:59:01,-38.0023,-57.5575,69.82,66,0,8.05
341,Kathu,TH,2022-10-27 22:59:02,7.9178,98.3332,83.75,88,100,3.76
342,Longyearbyen,SJ,2022-10-27 22:59:02,78.2186,15.6401,30.04,86,100,16.11
343,Tucuman,AR,2022-10-27 22:54:55,-26.8241,-65.2226,87.8,20,0,17.27
344,Zhuanghe,CN,2022-10-27 22:59:03,39.7008,122.9911,40.42,51,0,5.75
345,Cap Malheureux,MU,2022-10-27 22:59:04,-19.9842,57.6142,71.47,71,87,1.99
346,Matara,LK,2022-10-27 22:59:05,5.9485,80.5353,74.77,86,4,2.95
347,Mogok,MM,2022-10-27 22:59:05,22.9167,96.5,59.86,97,3,1.72
348,Karratha,AU,2022-10-27 22:59:06,-20.7377,116.8463,69.75,57,0,14.79
349,Sioux Lookout,CA,2022-10-27 22:59:06,50.1001,-91.917,48.27,61,75,10.36
350,Bara,NG,2022-10-27 22:59:07,10.3744,10.7288,76.26,31,6,6.8
351,Maryville,US,2022-10-27 22:59:08,35.7565,-83.9705,62.85,65,0,4.81
352,Terrace,CA,2022-10-27 22:55:14,54.5163,-128.6035,44.51,81,100,21.85
353,Norrkoping,SE,2022-10-27 22:59:08,58.5942,16.1826,54.18,92,100,5.75
354,Fairbanks,US,2022-10-27 22:55:08,64.8378,-147.7164,16.21,83,49,2.1
355,Coihaique,CL,2022-10-27 22:59:09,-45.5752,-72.0662,48.15,61,75,16.11
356,Tabou,CI,2022-10-27 22:59:09,4.423,-7.3528,77.22,87,81,5.06
357,Puerto Ayora,EC,2022-10-27 22:56:53,-0.7393,-90.3518,76.96,89,84,8.01
358,Mazarron,ES,2022-10-27 22:59:10,37.5992,-1.3149,68.45,68,52,6.06
359,Chernolesskoye,RU,2022-10-27 22:59:11,44.7156,43.7133,50.65,88,45,9.55
360,Sergeyevka,KZ,2022-10-27 22:59:11,53.88,67.4158,18.05,92,11,8.12
361,Vikhorevka,RU,2022-10-27 22:59:12,56.1201,101.1636,27.99,63,89,4.41
362,Kudahuvadhoo,MV,2022-10-27 22:59:13,2.6708,72.8944,81.45,80,88,15.46
363,Maracacume,BR,2022-10-27 22:59:14,-2.0428,-45.9592,77.65,70,79,6.38
364,Garissa,KE,2022-10-27 22:59:14,-0.4536,39.6401,75.61,81,18,14.23
365,Nuevo Ideal,MX,2022-10-27 22:59:15,24.8875,-105.0728,71.85,21,52,10.47
366,Florian,CO,2022-10-27 22:59:15,5.8049,-73.9703,62.28,99,75,2.15
367,Motta Di Livenza,IT,2022-10-27 22:59:16,45.7781,12.6028,58.95,99,0,3.09
368,Okhotsk,RU,2022-10-27 22:59:17,59.3833,143.3,19.71,61,24,13.65
369,Benghazi,LY,2022-10-27 23:00:17,32.1167,20.0667,71.01,80,0,9.71
370,Aykhal,RU,2022-10-27 23:00:18,66.0,111.5,-0.11,100,64,4.74
371,Slatina,RO,2022-10-27 23:00:19,44.4333,24.3667,51.46,63,0,2.68
372,Karaidel,RU,2022-10-27 23:00:20,55.8337,56.9069,28.45,74,96,8.79
373,Morgantown,US,2022-10-27 23:00:10,39.6295,-79.9559,51.17,69,2,4.83
374,Adrar,MR,2022-10-27 23:00:21,20.5022,-10.0711,83.7,11,100,9.73
375,Saldanha,ZA,2022-10-27 23:00:21,-33.0117,17.9442,60.96,82,0,19.35
376,West Wendover,US,2022-10-27 23:00:22,40.7391,-114.0733,46.42,23,20,4.94
377,Soledad,CO,2022-10-27 23:00:23,10.9184,-74.7646,78.84,79,47,6.71
378,Grindavik,IS,2022-10-27 23:00:24,63.8424,-22.4338,41.47,93,75,3.44
379,Korhogo,CI,2022-10-27 23:00:24,9.45,-5.6333,78.48,63,89,2.66
380,Lagoa,PT,2022-10-27 23:00:25,39.05,-27.9833,61.41,70,61,19.69
381,Marzuq,YE,2022-10-27 23:00:26,14.4,46.4667,64.36,29,0,1.9
382,Allapalli,IN,2022-10-27 23:00:27,19.4167,80.0667,61.9,82,0,2.04
383,Ukiah,US,2022-10-27 23:00:27,39.1502,-123.2078,74.44,29,11,6.85
384,Dire,ML,2022-10-27 23:00:28,12.2833,-10.9667,78.89,61,50,2.55
385,Xining,CN,2022-10-27 23:00:29,36.6167,101.7667,43.66,88,97,0.31
386,Oranjemund,NA,2022-10-27 23:00:31,-28.55,16.4333,58.64,87,54,13.38
387,Talnakh,RU,2022-10-27 23:00:32,69.4865,88.3972,24.21,93,100,14.52
388,Dumai,ID,2022-10-27 23:00:32,1.6833,101.45,74.1,98,100,2.77
389,Changqing,CN,2022-10-27 23:00:33,36.5575,116.7272,49.73,77,6,4.29
390,Tigil,RU,2022-10-27 23:00:33,57.8,158.6667,26.64,95,93,7.29
391,Pombas,CV,2022-10-27 23:00:34,17.1503,-25.0201,76.08,82,53,11.59
392,Mareeba,AU,2022-10-27 23:00:35,-17.0,145.4333,81.45,81,91,1.74
393,Buin,CL,2022-10-27 22:57:10,-33.7333,-70.75,77.22,52,0,6.85
394,Vila Velha,BR,2022-10-27 22:57:41,-20.3297,-40.2925,76.95,88,0,14.97
395,Lakes Entrance,AU,2022-10-27 23:00:36,-37.8811,147.981,65.16,53,32,14.43
396,Port Augusta,AU,2022-10-27 23:00:36,-32.5,137.7667,62.49,59,3,10.67
397,Rawson,AR,2022-10-27 23:00:37,-43.3002,-65.1023,68.52,27,100,23.35
398,Krasnoselkup,RU,2022-10-27 23:00:38,65.7,82.4667,20.5,86,100,20.45
399,Choma,ZM,2022-10-27 23:00:38,-16.8065,26.9531,69.57,56,35,10.27
400,Kieta,PG,2022-10-27 23:00:39,-6.2167,155.6333,84.31,72,23,3.44
401,Waingapu,ID,2022-10-27 23:00:39,-9.6567,120.2641,80.71,76,91,3.87
402,Kasangulu,CD,2022-10-27 23:00:40,-4.5911,15.1708,73.56,91,96,2.39
403,Mount Isa,AU,2022-10-27 23:00:40,-20.7333,139.5,78.57,47,100,10.36
404,Virginia Beach,US,2022-10-27 23:00:33,36.8529,-75.978,62.02,70,3,1.01
405,Bom Jardim,BR,2022-10-27 23:00:41,-7.7958,-35.5872,71.24,85,74,8.46
406,Dawei,MM,2022-10-27 23:00:42,14.0833,98.2,74.84,93,98,5.12
407,Haverfordwest,GB,2022-10-27 23:00:42,51.8017,-4.9691,64.58,91,100,4.0
408,Constitucion,CL,2022-10-27 22:55:57,-35.3333,-72.4167,53.98,83,32,10.8
409,Las Choapas,MX,2022-10-27 22:55:44,17.9333,-94.0833,80.08,87,73,5.88
410,Clyde River,CA,2022-10-27 23:00:43,70.4692,-68.5914,16.03,86,75,4.61
411,Victor Harbor,AU,2022-10-27 23:00:44,-35.5667,138.6167,59.0,75,49,16.98
412,Griffith,US,2022-10-27 23:00:01,41.5284,-87.4237,51.06,68,0,10.36
413,Hit,IQ,2022-10-27 23:01:45,33.6416,42.8251,72.99,30,0,11.56
414,Baruun-Urt,MN,2022-10-27 23:01:12,46.6806,113.2792,25.68,46,33,5.1
415,Chicama,PE,2022-10-27 23:01:45,-7.8447,-79.1469,65.48,74,81,8.05
416,Rio Grande,BR,2022-10-27 23:01:46,-32.035,-52.0986,64.33,76,10,6.8
417,Tondela,PT,2022-10-27 23:01:46,40.5167,-8.0833,67.44,81,65,3.89
418,Argelia,CO,2022-10-27 23:00:18,2.2556,-77.2488,66.67,98,97,1.63
419,Tougue,GN,2022-10-27 23:01:48,11.4667,-11.6,70.68,75,35,2.46
420,Saint Paul,US,2022-10-27 23:00:58,44.9444,-93.0933,55.29,55,75,6.91
421,Salalah,OM,2022-10-27 23:01:49,17.0151,54.0924,73.89,66,0,2.75
422,Santa Cruz De La Palma,ES,2022-10-27 23:01:49,28.6835,-17.7642,73.13,78,0,4.61
423,Parabel,RU,2022-10-27 23:01:50,58.6978,81.4825,24.3,74,94,10.51
424,Narrabri,AU,2022-10-27 23:01:50,-30.3167,149.7833,70.52,57,0,4.0
425,Hays,US,2022-10-27 23:01:51,30.0502,-98.0336,76.6,56,41,5.99
426,Berlevag,NO,2022-10-27 23:01:51,70.8578,29.0864,32.0,74,100,17.27
427,Salinopolis,BR,2022-10-27 23:01:52,-0.6136,-47.3561,80.24,75,96,16.15
428,Codrington,AU,2022-10-27 23:01:53,-38.2667,141.9667,52.72,87,100,23.49
429,Behshahr,IR,2022-10-27 23:01:53,36.6923,53.5526,62.26,74,26,5.03
430,La Ronge,CA,2022-10-27 23:00:23,55.1001,-105.2842,48.15,43,56,14.76
431,Nexo,DK,2022-10-27 23:01:54,55.0607,15.1306,55.49,89,100,13.73
432,Ruteng,ID,2022-10-27 23:01:54,-8.6136,120.4721,66.02,85,100,1.03
433,Pryazha,RU,2022-10-27 23:01:55,61.6926,33.6216,40.55,97,100,4.85
434,Pochutla,MX,2022-10-27 23:01:56,15.7432,-96.4661,84.81,80,86,3.2
435,Ornskoldsvik,SE,2022-10-27 23:01:56,63.2909,18.7153,36.55,100,75,4.61
436,Cabo Rojo,PR,2022-10-27 23:01:57,18.0866,-67.1457,78.73,84,100,1.99
437,Kerman,IR,2022-10-27 23:01:57,30.2832,57.0788,62.26,24,81,2.84
438,Moron,AR,2022-10-27 23:01:58,-34.6534,-58.6198,72.0,32,0,2.06
439,Roura,GF,2022-10-27 23:01:58,4.7263,-52.3274,80.51,78,0,5.75
440,Thinadhoo,MV,2022-10-27 23:01:59,0.5333,72.9333,82.26,78,78,18.34
441,Namibe,AO,2022-10-27 23:02:00,-15.1961,12.1522,70.3,76,60,9.64
442,Sambava,MG,2022-10-27 23:02:00,-14.2667,50.1667,71.8,84,93,5.01
443,Narsaq,GL,2022-10-27 23:02:01,60.9167,-46.05,30.42,80,65,5.12
444,Scarborough,GB,2022-10-27 23:00:22,54.2797,-0.4044,59.65,91,88,8.99
445,Jiayuguan,CN,2022-10-27 23:02:02,39.8167,98.3,42.26,51,100,4.07
446,Mackay,AU,2022-10-27 22:57:27,-21.15,149.2,89.69,64,9,3.67
447,Coquimbo,CL,2022-10-27 23:02:02,-29.9533,-71.3436,57.85,83,7,5.19
448,Skjervoy,NO,2022-10-27 23:02:03,70.0311,20.9714,35.6,71,100,15.26
449,Ginir,ET,2022-10-27 23:02:04,7.1333,40.7,55.96,83,21,3.85
450,Manta,EC,2022-10-27 23:02:05,-0.95,-80.7333,70.9,81,97,16.75
451,Bulgan,MN,2022-10-27 23:02:06,48.8125,103.5347,24.76,85,83,2.64
452,Saint-Georges,GD,2022-10-27 23:02:06,12.0564,-61.7485,78.39,89,100,12.1
453,Grand Gaube,MU,2022-10-27 23:02:07,-20.0064,57.6608,72.0,71,88,1.99
454,Ilo,PE,2022-10-27 23:02:08,-17.6394,-71.3375,60.73,83,5,3.96
455,Altea,ES,2022-10-27 23:02:09,38.5989,-0.0514,70.2,74,95,6.35
456,Watrous,CA,2022-10-27 22:57:40,51.6668,-105.4679,42.58,70,49,8.05
457,Mlowo,TZ,2022-10-27 23:02:09,-9.0,32.9833,62.13,49,10,2.53
458,Butte,US,2022-10-27 23:02:10,39.6499,-121.5677,73.02,20,68,4.92
459,Sabancuy,MX,2022-10-27 23:03:11,18.9667,-91.1833,82.78,75,23,5.59
460,Labuhan,ID,2022-10-27 23:03:11,-6.8844,112.2051,75.42,77,55,11.1
461,Awjilah,LY,2022-10-27 23:03:11,29.1081,21.2869,69.93,45,0,6.78
462,Boyolangu,ID,2022-10-27 23:03:12,-8.1181,111.8935,73.02,80,75,5.41
463,Nampula,MZ,2022-10-27 23:03:12,-15.1165,39.2666,69.37,77,0,5.44
464,Ribeira Grande,PT,2022-10-27 23:03:13,38.5167,-28.7,57.78,84,50,4.0
465,Sao Gabriel Da Cachoeira,BR,2022-10-27 23:03:13,-0.1303,-67.0892,82.27,72,100,2.15
466,Quatre Cocos,MU,2022-10-27 23:03:14,-20.2078,57.7625,71.71,77,44,9.48
467,Tiksi,RU,2022-10-27 23:03:14,71.6872,128.8694,0.16,89,70,16.17
468,Samarai,PG,2022-10-27 23:03:15,-10.6167,150.6667,83.44,66,89,8.95
469,Loandjili,CG,2022-10-27 23:03:15,-4.7561,11.8578,77.72,91,57,4.81
470,Port-Gentil,GA,2022-10-27 23:03:16,-0.7193,8.7815,78.76,94,75,9.22
471,Dandong,CN,2022-10-27 23:03:16,40.1292,124.3947,37.47,64,2,7.63
472,Ouesso,CG,2022-10-27 23:03:17,1.6136,16.0517,70.97,98,100,1.16
473,Chizhou,CN,2022-10-27 23:03:17,30.6578,117.4831,59.52,91,100,12.44
474,Nanortalik,GL,2022-10-27 23:03:18,60.1432,-45.2371,34.32,80,57,4.0
475,Concordia,AR,2022-10-27 23:03:18,-31.393,-58.0209,66.33,53,0,4.81
476,Kosh-Agach,RU,2022-10-27 23:03:19,50.0,88.6667,27.5,75,47,4.38
477,Sivaki,RU,2022-10-27 23:03:19,52.6333,126.75,25.79,55,47,4.65
478,Verkhoyansk,RU,2022-10-27 23:03:20,67.5447,133.385,3.13,90,32,4.23
479,Frontera,MX,2022-10-27 23:03:20,26.9333,-101.45,84.33,39,0,5.99
480,Buala,SB,2022-10-27 23:03:21,-8.145,159.5921,84.31,70,12,3.02
481,Inta,RU,2022-10-27 23:03:21,66.0317,60.1659,29.68,94,100,15.46
482,Bogotol,RU,2022-10-27 23:03:22,56.2078,89.5342,34.86,87,100,5.99
483,Tessalit,ML,2022-10-27 23:03:22,20.1986,1.0114,74.21,16,0,10.47
484,Dingle,PH,2022-10-27 23:03:23,10.9995,122.6711,74.48,95,100,12.28
485,Memmingen,DE,2022-10-27 23:00:22,47.9837,10.1853,53.19,86,48,4.61
486,Ambilobe,MG,2022-10-27 23:03:23,-13.2,49.05,69.44,76,34,3.98
487,Yaguara,CO,2022-10-27 23:03:24,2.6636,-75.5175,74.52,89,90,2.55
488,Kaspiyskiy,RU,2022-10-27 23:03:24,45.3929,47.3707,54.54,92,100,11.03
489,Naze,JP,2022-10-27 23:03:25,28.3667,129.4833,72.25,74,46,18.79
490,Tuatapere,NZ,2022-10-27 23:03:25,-46.1333,167.6833,65.46,63,87,4.88
491,Umm Kaddadah,SD,2022-10-27 23:03:26,13.6017,26.6876,78.26,20,14,13.49
492,Trairi,BR,2022-10-27 22:59:14,-3.2778,-39.2689,78.39,80,41,9.93
493,Mangan,IN,2022-10-27 23:03:26,27.5167,88.5333,60.66,76,33,4.94
494,Kutum,SD,2022-10-27 23:03:27,14.2,24.6667,69.85,22,23,8.43
495,Chernyshkovskiy,RU,2022-10-27 23:03:27,48.4219,42.2308,45.84,86,100,10.94
496,Andilamena,MG,2022-10-27 23:03:28,-17.0167,48.5833,58.01,94,72,3.29
497,Arawa,PG,2022-10-27 23:03:28,-6.2132,155.5367,86.02,69,30,3.11
498,Nchelenge,ZM,2022-10-27 23:03:28,-9.3451,28.734,76.33,65,90,3.29
499,Jodhpur,IN,2022-10-27 23:03:29,26.2867,73.03,74.64,37,0,8.14
500,Panaba,MX,2022-10-27 23:03:29,21.2833,-88.2667,80.92,69,16,10.6
501,Pinotepa Nacional,MX,2022-10-27 23:00:18,16.3167,-98.0167,82.0,82,46,4.9
502,Muros,ES,2022-10-27 23:03:30,42.7762,-9.0603,67.08,89,97,17.76
503,Kavieng,PG,2022-10-27 23:03:30,-2.5744,150.7967,83.68,75,69,9.64
504,Turkistan,KZ,2022-10-27 23:03:31,43.0,68.0,43.9,40,100,12.15
505,Khasan,RU,2022-10-27 23:04:31,42.4308,130.6434,38.88,53,0,13.27
506,Almunecar,ES,2022-10-27 23:00:12,36.7339,-3.6907,74.23,50,36,2.01
507,Cockburn Town,TC,2022-10-27 23:02:45,21.4612,-71.1419,80.35,67,6,7.47
508,Bauchi,NG,2022-10-27 23:04:32,10.5,10.0,72.81,31,18,3.15
509,Kenai,US,2022-10-27 23:02:04,60.5544,-151.2583,30.09,78,100,11.41
510,Hindoria,IN,2022-10-27 23:04:33,23.9,79.5667,64.76,55,0,3.96
511,Dali,CN,2022-10-27 23:04:33,25.7,100.1833,51.94,86,0,1.45
512,Pahrump,US,2022-10-27 23:04:34,36.2083,-115.9839,68.45,13,22,3.0
513,Biak,ID,2022-10-27 23:04:34,-0.9131,122.8766,78.35,77,93,4.56
514,Tezu,IN,2022-10-27 23:04:34,27.9167,96.1667,64.92,74,5,3.56
515,Port Hedland,AU,2022-10-27 23:02:40,-20.3167,118.5667,75.25,69,0,11.5
516,Balakhta,RU,2022-10-27 23:04:35,55.38,91.6,33.53,90,100,5.06
517,Pangoa,PE,2022-10-27 23:04:36,-12.1167,-73.0,73.42,92,99,2.15
518,Talcahuano,CL,2022-10-27 23:04:36,-36.7167,-73.1167,58.68,72,75,10.36
519,Lazarev,RU,2022-10-27 23:04:36,52.225,141.5131,32.83,58,0,4.05
520,Padilla,CO,2022-10-27 23:04:37,3.2204,-76.3139,69.37,92,90,1.41
521,Semnan,IR,2022-10-27 23:04:37,35.5729,53.3971,61.63,38,58,1.14
522,Verkh-Suetka,RU,2022-10-27 23:04:38,53.3,80.05,30.16,87,98,12.77
523,Mayo,US,2022-10-27 23:04:38,38.8876,-76.5119,61.12,62,0,8.05
524,Ulladulla,AU,2022-10-27 23:03:27,-35.35,150.4667,67.1,45,8,14.47
525,Celestun,MX,2022-10-27 23:04:39,20.8667,-90.4,81.12,77,26,12.06
526,Casa Grande,US,2022-10-27 23:04:39,32.8795,-111.7573,79.16,15,0,11.5
527,Kristiansand,NO,2022-10-27 23:04:40,58.1467,7.9956,55.85,99,100,2.3
528,Aksu,CN,2022-10-27 23:04:40,41.1231,80.2644,47.98,42,4,3.15
529,Banff,CA,2022-10-27 23:04:41,51.1762,-115.5698,41.43,61,81,9.62
530,Zhanaozen,KZ,2022-10-27 23:04:41,43.3,52.8,49.69,45,100,17.63
531,Molina,CL,2022-10-27 23:04:42,-35.1167,-71.2833,69.53,43,4,10.36
532,Abu Zabad,SD,2022-10-27 23:04:42,12.35,29.25,76.77,24,9,9.48
533,College,US,2022-10-27 23:04:43,64.8569,-147.8028,16.59,77,100,0.0
534,Amuntai,ID,2022-10-27 23:04:43,-2.4177,115.2494,74.44,97,100,0.87
535,Lobo,PH,2022-10-27 23:04:44,13.6481,121.2112,78.48,87,99,5.82
536,Vuktyl,RU,2022-10-27 23:04:44,63.8567,57.3094,30.18,91,100,8.48
537,Antalaha,MG,2022-10-27 23:04:44,-14.9003,50.2788,70.7,83,92,2.91
538,Sarahan,IN,2022-10-27 23:04:45,31.5167,77.8,44.56,40,0,8.55
539,Ban Phai,TH,2022-10-27 23:04:45,16.06,102.731,71.04,86,71,7.96
540,Angoche,MZ,2022-10-27 23:02:18,-16.2325,39.9086,74.57,78,0,9.82
541,Liverpool,GB,2022-10-27 23:02:07,53.4106,-2.9779,60.15,91,20,9.22
542,Whitehorse,CA,2022-10-27 23:04:46,60.7161,-135.0538,25.02,70,100,4.0
543,Lowestoft,GB,2022-10-27 23:04:47,52.4752,1.7516,59.5,93,56,7.14
544,Plainview,US,2022-10-27 23:04:47,40.7765,-73.4673,61.68,46,0,11.5
545,Acapulco,MX,2022-10-27 23:00:06,16.8634,-99.8901,82.87,81,58,5.97
546,Ketchikan,US,2022-10-27 23:04:48,55.3422,-131.6461,46.2,80,99,15.88
547,Mehamn,NO,2022-10-27 23:04:48,71.0357,27.8492,31.95,74,100,18.41
548,Kaeo,NZ,2022-10-27 23:04:49,-35.1,173.7833,72.32,86,70,9.42
549,Ca Mau,VN,2022-10-27 23:02:27,9.1769,105.15,74.64,97,100,4.12
550,Ahuimanu,US,2022-10-27 23:04:49,21.4447,-157.8378,85.14,65,20,14.97
551,Abu Dhabi,AE,2022-10-27 23:00:01,24.4667,54.3667,84.11,60,1,5.93
552,Uyemskiy,RU,2022-10-27 23:04:50,64.4743,40.8524,32.05,100,100,2.24
553,Maniitsoq,GL,2022-10-27 23:05:50,65.4167,-52.9,38.1,95,100,18.23
554,Manzanillo,CU,2022-10-27 23:04:52,20.3433,-77.1167,77.02,78,18,9.66
555,Yarada,IN,2022-10-27 23:05:51,17.65,83.2667,73.72,94,20,2.3
556,Polunochnoye,RU,2022-10-27 23:05:52,60.8697,60.4153,32.34,72,100,10.87
557,Balakhninskiy,RU,2022-10-27 23:05:52,58.0106,114.2769,7.41,97,69,2.98
558,Menongue,AO,2022-10-27 23:05:52,-14.6585,17.691,64.98,83,100,6.26
559,Oxapampa,PE,2022-10-27 23:05:53,-10.5775,-75.4017,63.54,97,94,1.68
560,Molchanovo,RU,2022-10-27 23:05:53,57.5817,83.7692,29.07,97,99,6.8
561,Ambunti,PG,2022-10-27 23:05:54,-4.2365,142.8448,79.07,87,100,0.29
562,Linxia,CN,2022-10-27 23:05:55,35.6003,103.2064,49.48,86,100,1.41
563,Fortuna,US,2022-10-27 23:05:55,40.5982,-124.1573,63.93,62,0,9.22
564,Wamba,NG,2022-10-27 23:05:56,8.9333,8.6,73.22,50,61,4.05
565,Lorengau,PG,2022-10-27 23:01:20,-2.0226,147.2712,85.84,67,90,8.75
566,Bonavista,CA,2022-10-27 23:05:56,48.6499,-53.1147,58.05,98,100,15.17
567,Tupik,RU,2022-10-27 23:05:57,54.4253,119.9327,11.44,95,48,2.71
568,Hohoe,GH,2022-10-27 23:05:57,7.1518,0.4736,75.94,85,100,3.76
569,Ust-Omchug,RU,2022-10-27 23:05:58,61.15,149.6333,-2.76,95,28,1.99
570,Lamu,KE,2022-10-27 23:05:59,-2.2717,40.902,75.42,82,18,10.09
571,Honningsvag,NO,2022-10-27 23:05:59,70.9821,25.9704,35.35,75,100,23.02
572,Brownsville,US,2022-10-27 23:05:59,25.9018,-97.4975,80.58,87,75,16.11
